{
  "view/App.view.xml": 1668693051595,
  "utils/locate-reuse-libs.js": 1668443452280,
  "manifest.json": 1670328372606,
  "model/helpModel.json": 1670243579066,
  "model/models.js": 1668443452284,
  "controller/Train.controller.js": 1670248949464,
  "controller/Results.controller.js": 1669217595276,
  "controller/Categories.controller.js": 1669711883361,
  "controller/App.controller.js": 1668703505472,
  "controller/Admin.controller.js": 1669969988617,
  "control/MyControl.js": 1670221170890,
  "control/CardWithSound.js": 1670243204417,
  "Component.js": 1668443452274,
  "Component-preload.js": 1670328372900,
  "control/MyControl-dbg.js": 1670221170890,
  "model/models-dbg.js": 1668443452284,
  "utils/locate-reuse-libs-dbg.js": 1668443452280,
  "control/CardWithSound-dbg.js": 1670243204417,
  "controller/Train-dbg.controller.js": 1670248949464,
  "controller/Results-dbg.controller.js": 1669217595276,
  "controller/Categories-dbg.controller.js": 1669711883361,
  "controller/App-dbg.controller.js": 1668703505472,
  "controller/Admin-dbg.controller.js": 1669969988617,
  "Component-dbg.js": 1668443452274,
  "view/Fragments/WordsAdmin.fragment.xml": 1670240608519,
  "view/Fragments/Words.fragment.xml": 1670240060596,
  "view/Fragments/EditWord.fragment.xml": 1669808321109,
  "view/Fragments/EditCategory.fragment.xml": 1669882389027,
  "view/Fragments/CreateWord.fragment.xml": 1669964996193,
  "view/Fragments/CreateCategory.fragment.xml": 1669883547542,
  "view/Train.view.xml": 1670314801377,
  "view/Results.view.xml": 1669022054867,
  "view/Categories.view.xml": 1669026432669,
  "i18n/i18n.properties": 1668443452280,
  "view/Admin.view.xml": 1669883558632,
  "css/style.css": 1670238441204,
  "index.html": 1668443452274
}