{
  "css/style.css": 1668699311835,
  "controller/App.controller.js": 1668703505472,
  "manifest.json": 1669117158689,
  "utils/locate-reuse-libs.js": 1668443452280,
  "model/models.js": 1668443452284,
  "controller/Train.controller.js": 1669022253013,
  "controller/Results.controller.js": 1669022086785,
  "controller/Categories.controller.js": 1669022910782,
  "model/helpModel.json": 1669018732181,
  "controller/Admin.controller.js": 1669036316537,
  "control/MyControl.js": 1669018915026,
  "Component.js": 1668443452274,
  "Component-preload.js": 1669117159035,
  "Component-dbg.js": 1668443452274,
  "model/models-dbg.js": 1668443452284,
  "controller/Train-dbg.controller.js": 1669022253013,
  "controller/Results-dbg.controller.js": 1669022086785,
  "controller/Categories-dbg.controller.js": 1669022910782,
  "controller/App-dbg.controller.js": 1668703505472,
  "controller/Admin-dbg.controller.js": 1669036316537,
  "control/MyControl-dbg.js": 1669018915026,
  "utils/locate-reuse-libs-dbg.js": 1668443452280,
  "view/Fragments/WordsAdmin.fragment.xml": 1669023255335,
  "view/Fragments/Words.fragment.xml": 1669022204697,
  "view/Fragments/CreateCategory.fragment.xml": 1669027817388,
  "view/Train.view.xml": 1669022254553,
  "view/Results.view.xml": 1669022054867,
  "view/Categories.view.xml": 1669026432669,
  "view/App.view.xml": 1668693051595,
  "view/Admin.view.xml": 1669026418647,
  "i18n/i18n.properties": 1668443452280,
  "index.html": 1668443452274
}